estate,total_time
西湖区西溪河东,28
江干区紫园,38
滨江区恒鼎博邑郡,71
上城区劳动路,37
下城区新德佳苑,50
江干区新城市广场,27
余杭区经纬美耀湾,74
滨江区寰宇天下,49
下城区天巢花苑,9
滨江区海威钱塘之星,40
江干区景芳四区,37
拱墅区大关西六苑,34
上城区临江风帆公寓,45
余杭区木桥浜路23-295号,99999999999
余杭区广厦天都城爱尚公寓,58
下城区河西南38号,27
临安区越秀星汇城,99
萧山区德信泊林春天,54
西湖区文二路62号,28
西湖区高教新村,47
拱墅区小河路,43
拱墅区长青嘉苑,58
上城区清江路114-2号,99999999999
滨江区仁苑,55
余杭区莱茵旺角七号,86
余杭区窑山花园,94
滨江区凯瑞金座,58
萧山区里横河社区,65
江干区静怡花苑,45
余杭区锦绣时代中心,85
江干区九堡明珠公寓,49
下城区永康苑,22
萧山区南城景园,105
萧山区育才东苑,79
滨江区瑞立中央花城,31
余杭区协安蓝郡,52
下城区电信巷,49
下城区杭氧宿舍,39
江干区三新家园,38
余杭区闲林山水海棠苑,56
上城区近江家园二园,29
拱墅区吉如家园,47
滨江区滨兴家园,62
余杭区世纪嘉园,72
萧山区金昌春和钱塘,56
余杭区佳兆业西溪璞园,54
江干区华家池,36
萧山区摩卡商务馆,75
萧山区相墅花园,76
江干区三里新城兰苑,35
萧山区港汇中心,52
江干区东港嘉苑一区,41
滨江区绿地旭辉城,50
萧山区银通大厦,67
余杭区复兴弄,85
余杭区华元欢乐城,60
余杭区东海水景城,70
下城区宏盛公寓社区,31
拱墅区明真宫,32
西湖区融创瑷骊山,84
下城区杭锅新村,43
西湖区茶市新村,53
余杭区香槟之约,99999999999
西湖区石灰桥新村,28
萧山区空港新天地,109
江干区凯旋路112号,37
拱墅区宗坛巷,99999999999
萧山区绿都湖滨花园,62
拱墅区天阳上河,41
江干区东海未名园,52
西湖区文二路27号,26
江干区东方润园,57
上城区建国南苑,40
西湖区中融城市花园,32
上城区天福花园,46
滨江区盛元慧谷,54
西湖区都市阳光和苑,69
西湖区金成花园,34
江干区天阳明朗,63
滨江区世茂之西湖,52
拱墅区杭钢尚堂府,63
拱墅区霞湾巷小区,36
拱墅区广宇万科公园里,51
西湖区沿山河新村,30
江干区圆梦园,46
富阳区颐景山庄,105
下城区三塘桃园,44
拱墅区三宝郡庭,47
余杭区复地连城国际,54
下城区金都华庭,31
西湖区金厦公寓,48
萧山区世纪晶钻,55
西湖区保m路109号,28
西湖区枫华府第,34
下城区胭脂新村,10
拱墅区信步闲庭,43
下城区嘉汇大厦,19
萧山区新城香悦奥府,54
余杭区龙湖香醍溪岸,115
上城区涌金门社区,18
江干区汇隆风林公寓,46
萧山区富地商瑞大厦,88
拱墅区武林壹号,17
余杭区逸居城,68
萧山区恒安名座,74
拱墅区盛德欣苑,38
西湖区湖畔花园太子苑,36
下城区星都嘉苑,31
下城区十五家园,20
西湖区马塍路37号,28
上城区金都华府,45
江干区广茵大厦,32
滨江区超级星期天,78
上城区百岁坊巷,42
萧山区科尔世纪外滩,95
上城区柳浪东苑,35
江干区新塘家园西区,39
江干区郡枫绿园西区,60
余杭区瑞金华庭嘉苑,80
江干区多蓝水岸听涛苑,77
余杭区北大资源未名府,68
滨江区钱江湾花园,72
萧山区府尚别墅,85
上城区东平巷小区,18
萧山区江南风尚铭楼,69
西湖区西溪锋尚苑,44
江干区德信浙旅东宸,40
江干区金隅观澜时代朗轩,75
上城区柳浪阁,34
余杭区赞成乐山红叶,58
江干区宝龙城市广场,67
江干区长睦邻里人家西苑,67
西湖区莫干山路515号,33
滨江区星光国际公馆,41
萧山区华瑞晴庐,77
萧山区郡乐苑,101
西湖区绿城西溪世纪广场,56
余杭区景雅苑,64
上城区柳浪新苑,36
萧山区新安园,67
拱墅区定海东园,48
江干区采荷大厦,45
萧山区金帝金色钱塘,52
下城区丽景苑(下城),99999999999
滨江区龙湖春江郦城,46
江干区闸弄口铁路宿舍,35
江干区东都公寓,44
萧山区新桥园,82
余杭区嘉凯城名城博园,67
西湖区莫干山路605号,42
萧山区明华花园,76
拱墅区庆隆苑,49
滨江区金盛曼城,56
萧山区宁东北苑,54
余杭区平瑞瑞和园,78
西湖区丹金桂花园,41
江干区长睦锦苑,78
江干区广景苑,36
萧山区美之园西区,62
滨江区云厦连园,36
上城区联珠里,40
余杭区通和波士顿公寓,77
余杭区通和十二橡树,99999999999
下城区朝晖六区,30
西湖区桃源春居,53
余杭区富力西溪悦居,50
萧山区利一家园,57
拱墅区大浒西苑,39
江干区运新花苑五区,39
滨江区彩虹城,57
上城区近江家园四园,26
富阳区大有清竹蓝庭,117
江干区东方水岚佳苑,62
西湖区创美华彩国际,67
西湖区信鸿花园北区,52
拱墅区都市水乡水映苑,49
下城区东新园孚信苑,49
江干区下沙幸福雅苑,56
滨江区银爵世纪公寓,51
西湖区人和家园,47
下城区长兴公寓,43
江干区凯旋路104号,36
上城区光复路146-186号,99999999999
萧山区中新御景湾,85
拱墅区景致公寓,52
上城区马市街,36
西湖区城市心境,35
西湖区庆丰公寓,37
西湖区之江家园五区,74
萧山区天海阳光地带,66
余杭区春晓苑,54
上城区紫金观巷,32
上城区老浙大横路一弄,38
下城区九龙仓君玺,20
余杭区赞成香颂二期,79
萧山区京港国际,50
余杭区保亿风景晨园,56
下城区遂安路,23
拱墅区阅城新座,58
上城区耀江福村,29
西湖区金色蓝庭,37
西湖区莫干山路347号,25
临安区碧桂苑,125
拱墅区阳光郡,54
上城区抽分厂路,45
江干区草庄景墅,38
余杭区九衡公寓,75
萧山区佳境天城境合苑,49
拱墅区三塘人家,42
江干区东华苑,37
江干区天城铭园,39
江干区红街公寓,30
余杭区美好桂花金座,67
余杭区华元花涧堂,79
滨江区万科逸天广场,57
余杭区景瑞御蓝湾,67
西湖区新德雅公寓,46
西湖区耀江文鼎苑,39
拱墅区大关东一苑,39
萧山区德圣博奥城,63
上城区奎垣巷,17
余杭区顺达花苑东区,85
余杭区西塘花苑,63
余杭区南湖丽景,78
萧山区绿都嘉瑞华庭,76
江干区保利罗兰香谷,66
拱墅区蚕花园永宁坊,43
拱墅区景瑞悦西台,55
余杭区悦泽公寓,72
江干区丽江公寓,48
拱墅区胜月苑,36
西湖区佳兆业玖珑山,93
上城区袁井巷,36
上城区望江新园一园,30
江干区金雅苑社区,52
余杭区源山雅阁,94
上城区叶家弄,25
拱墅区锦绣文澜阁,47
萧山区杭发厂宿舍,68
萧山区Q公寓,107
萧山区融创东南海,87
西湖区明月公寓,41
萧山区城北新村,59
上城区江城路322号,41
下城区嘉里桦枫居,42
滨江区滨兴北苑小区,61
萧山区丰瑞南苑,68
萧山区之江绿洲嘉园,57
拱墅区仓基新村,28
拱墅区复地壹中心,45
滨江区现代印象广场,62
西湖区建工新村,24
余杭区联兴路,68
拱墅区德信晓宸,61
余杭区邱山大街114-755号,99999999999
西湖区南都银座公寓,32
余杭区欧美金融城,70
西湖区学院路59号,35
江干区蓝天城市花园,26
拱墅区龙门公寓,38
西湖区紫金庭园,51
下城区远大花园,31
滨江区融创杭州印,47
萧山区绿都世贸广场,59
拱墅区远洋杭州大运河商务区,37
拱墅区假山新村,34
江干区运新花苑二区,44
江干区保利玫瑰湾,71
江干区紫薇公寓,34
拱墅区勤丰小区,38
拱墅区运河东苑,37
拱墅区香吉公寓,37
西湖区天目山路3号,16
富阳区秦汉大厦,157
萧山区嘉富广场,69
下城区中山北路143号,20
西湖区金祝花园,18
萧山区西山公寓,70
江干区康恒悦麒美寓,45
上城区元华公寓,27
西湖区之江富城,86
下城区东园大楼,32
拱墅区袁家新院,60
上城区春江名苑,31
江干区中海御道,48
西湖区教工路49号,29
余杭区美致生活广场,113
萧山区景苑公寓(萧山),74
下城区打铁关路,27
西湖区龙都大厦,30
余杭区东海阳光苑,72
上城区南星公寓,40
下城区刀茅巷173-178号,99999999999
西湖区万科坤和玉泉,54
西湖区丽阳苑,42
滨江区银杏汇,52
拱墅区董家新村,43
余杭区西溪八方城,50
江干区江岸邻里,41
拱墅区雍荣华庭,59
江干区久睦苑,76
下城区东新园东荷星苑,54
下城区戒坛寺巷,8
下城区春丰苑,34
拱墅区方正荷塘月色,59
下城区骆驼桥东河下,22
拱墅区蚕花园永兴坊,43
下城区北景园枫丹苑,41
拱墅区大关南六苑,39
江干区濮家东村,28
余杭区北秀蓝湾花苑,68
余杭区曙光嘉园,94
萧山区金瑞大厦,63
滨江区风景蝶院留园,61
拱墅区荷花塘,33
余杭区美好桂花星座,86
上城区滨江新苑,29
下城区九鼎名仕顿商务楼,12
下城区中山北路412号,9
拱墅区北城天地,54
江干区丁桥家苑,55
萧山区半岛花园,71
上城区凤凰城广场,44
西湖区嘉绿南苑,35
余杭区金地广场,51
下城区野风现代中心,32
上城区直箭道巷,37
西湖区月桂花园,40
拱墅区德信北海公园,57
上城区太和广场,45
西湖区南都花园一区,48
西湖区求智巷,28
西湖区嘉绿福苑,33
余杭区越秀星汇悦城,54
萧山区恒瑞名座,77
下城区朝晖五区,32
江干区采荷小区翠柳,33
西湖区马塍路35号,28
上城区望江家园东园,32
余杭区乐山嘉苑,60
下城区三塘柳园,40
萧山区金茂大厦,61
江干区明月嘉苑,36
拱墅区富越香郡盈座,50
滨江区中海钱塘山水,73
西湖区古荡新村东区,39
萧山区高运高庄,102
江干区水湘人家西苑,41
萧山区头坞新村,73
拱墅区丽晶湾,56
江干区景芳五区,29
拱墅区塘河新村,42
余杭区华枫名苑,98
萧山区丽都公寓,65
萧山区北干二苑新安寓,70
富阳区天鸿美和院,98
上城区平海公寓,25
余杭区华宇家园,92
拱墅区稻香园南区,30
下城区体育场路2-70号,8
上城区金色海岸,38
滨江区长江西苑,70
江干区龙湖武林九里,65
西湖区融信杭州公馆,45
上城区近江家园九园,31
西湖区南都花园二区,44
西湖区教工路52号,27
上城区大名空间商务大厦,48
下城区珠碧一弄12号,33
西湖区金都城市芯宇,37
余杭区西溪玫瑰,61
下城区朝晖新城,25
萧山区科尔南城嘉园,101
余杭区远大金地中心,60
拱墅区假山路5弄,31
富阳区城东社区,103
余杭区东海水漾人家,97
下城区水印康庭,47
余杭区西园凤都苑,67
余杭区桂雨苑,61
余杭区荆山翠谷,56
余杭区金都梧桐苑,59
余杭区兴安公寓,55
下城区东新桥,56
上城区新丰新村,45
西湖区天目山路28号,36
江干区北城枫景园,88
上城区南瓦坊,39
拱墅区莫干山路70号,23
下城区俞汇巷小区,48
江干区白云大厦,26
下城区体育场路301号,8
富阳区野风春晓,110
余杭区万科溪望,64
萧山区百富联合国际奥体之星,52
萧山区广悦公寓,77
余杭区南北盛德国际,64
下城区文晖苑,24
拱墅区维元弄,18
下城区观巷,18
江干区伊萨卡国际城绮风园,69
萧山区中栋国际,55
滨江区官河公寓,46
上城区东方金座,25
拱墅区远洋大河宸章,44
上城区青年路小区,22
江干区联合麦田,33
下城区西文东苑,46
滨江区江南国美家园,58
上城区钱江御府,50
滨江区金龙大厦,60
江干区天阳观筑,72
萧山区金鹭银座,71
萧山区滨江东方海岸(萧山),84
萧山区知稼苑,64
余杭区良渚十六街区,75
余杭区逸品明珠花苑,81
西湖区筑品金座,39
下城区清远里,16
下城区钛合国际,22
下城区吴牙新村,27
西湖区跑马场巷,23
萧山区麻纺厂住宅区,66
富阳区阳光里,118
西湖区横桥沈合苑,65
江干区三里亭苑二区,50
余杭区东方俊园,85
余杭区广厦天都城紫韵公寓,62
余杭区西泠苑,60
余杭区大华海派风景,67
萧山区明江苑,66
拱墅区沈塘铭苑,20
萧山区金地德圣中心,63
下城区和平小区,31
西湖区春天花园,32
上城区凤凰北苑,46
下城区北景园荷风苑,60
拱墅区沈塘桥19弄,24
余杭区君临天下,68
江干区冠宇隽园,54
滨江区人民路19号(西兴路),99999999999
西湖区雅戈尔御西湖,38
余杭区闲林山水丹枫苑,57
上城区近江家园五园,29
西湖区文苑小区,54
江干区宋都东郡国际,77
江干区采荷路17号,45
余杭区朗诗未来街区,58
萧山区绿都泰富广场,78
余杭区恒厚阳光城,76
下城区现代雅苑,34
江干区金色黎明三期,50
下城区白泽弄,23
余杭区保亿丽景山,78
滨江区太阳国际公寓,63
萧山区天地墅园,101
江干区丁桥景园南苑,53
西湖区西溪路509号,36
余杭区合景叠彩园,63
滨江区钱塘帝景,55
西湖区坤和西溪里璞园,54
拱墅区宁和弄,45
萧山区富丽花园(萧山),66
拱墅区云河大厦,26
滨江区观邸国际,75
下城区耶稣堂弄,9
下城区环球中心,15
余杭区华艺星座,66
江干区广宇东承府,73
滨江区滨文苑,78
西湖区翠苑四区南园,33
西湖区山水人家美林泉,32
余杭区华元蒙卡岸,60
余杭区万陈花苑,84
上城区近江家园八园,28
余杭区名门天第,90
上城区信余里,31
余杭区富力天贸广场,48
拱墅区中天西城纪,51
江干区昆仑天籁,56
西湖区宝石新村,29
余杭区雅居乐国际花园,61
江干区采荷小区洁莲,40
西湖区文一路109号,37
下城区水星阁,16
西湖区马塍路33号,30
余杭区庭院深深,63
江干区赵家花苑,57
江干区尊宝大厦,33
下城区长宁街,22
江干区蔚蓝公寓,37
余杭区富力十号一期,59
西湖区紫金西苑,61
余杭区中尚橄榄树花园（南区）,69
江干区金基晓庐,49
江干区保利湾天地二期,78
余杭区山西园,73
余杭区梅堰小区,99
下城区云龙公寓,34
富阳区野风秋雅,110
下城区西子铭苑,12
下城区德胜新村南,40
萧山区湖畔公寓,64
萧山区建境巧克力公馆,88
滨江区风雅钱塘,40
萧山区众安山水苑一期,76
下城区嘉德广场,31
西湖区金源公寓(西湖),58
西湖区友谊新村,27
上城区陆家河头小区,36
西湖区金都新城,38
萧山区新东名苑,73
下城区万泰新语,60
拱墅区大兜弄,32
西湖区马塍路28号,25
上城区甘王新村,44
下城区祥和人家,58
江干区浙商国际中心,41
江干区石桥路151号,56
江干区采荷街道青荷苑,41
江干区运新花苑三区,45
下城区通宝商厦,18
余杭区越秀星汇尚城,60
萧山区佳丰北苑,62
下城区青春坊,31
余杭区史家埭路小区,78
萧山区韩家弄,70
江干区采荷绿萍,35
西湖区泊林漫谷,32
滨江区同人春江时代花园,53
西湖区坤和西溪里,57
萧山区丰润家园,66
西湖区保m路,31
余杭区南北乐章,89
余杭区天阳棕榈湾二期,61
上城区郡亭公寓,36
下城区德胜东村,34
拱墅区五一新村,27
江干区妇保宿舍,34
萧山区名城大厦,70
拱墅区湖墅北路2号,32
滨江区春波南苑,38
滨江区滨兴东苑,65
滨江区江南星座,35
拱墅区都市水乡水月苑,48
拱墅区大塘新村,26
上城区耀江广厦,19
余杭区迪凯运河印象,66
滨江区春波西苑,47
余杭区星桥桂花城,107
萧山区绿城西子郁金香岸,78
上城区北落马营,43
滨江区缤纷东院,63
拱墅区杭钢南苑,46
上城区宏农里28-30号,26
余杭区赞成首府,71
滨江区钱塘滨和花园,39
上城区八卦新村,46
拱墅区中兴御田清庭,45
江干区东方御府,43
上城区未央村,29
上城区宋浇造巷,26
西湖区广宇西城年华,55
拱墅区红石中央花苑,20
西湖区宝石二路6号,29
余杭区凯喜雅锦河湾,67
西湖区众安白马山庄,57
江干区远洋香奈,68
西湖区恒升花苑,25
西湖区梧桐燕庐,88
江干区金沙国际,65
江干区采荷人家,38
滨江区欣盛东方郡西区,36
拱墅区塘河北村,45
滨江区星耀城,30
拱墅区大关南四苑,39
余杭区世纪嘉园晴彩巴厘,76
西湖区云溪印象,82
萧山区潘水苑,63
余杭区顺达花苑西区,84
余杭区石榴派,80
江干区下沙文汇苑,61
滨江区钱江水晶城,53
下城区北景园芳洲苑,59
下城区漾河公寓,40
余杭区竹海水韵,58
滨江区江南豪园,35
西湖区桃园新村,29
萧山区华瑞中心,52
拱墅区小河路295号,49
江干区三堡北苑,44
下城区长德公寓,48
江干区铭和苑新荷坊,60
江干区常青苑,32
下城区五里塘苑,25
拱墅区半道红小区,19
余杭区南湖明筑花苑,83
萧山区置地大厦,49
下城区流水苑,29
余杭区德信早安,75
上城区涌金广场聚景阁,35
余杭区富力西溪悦墅,65
西湖区城北商贸园,42
江干区金色黎明一期,63
下城区天堂园轴承宿舍,50
下城区重机宿舍,47
西湖区厚诚路128号,58
江干区野风海天城,59
余杭区东海闲湖城印象加州,63
西湖区之江九里,63
江干区天阳九筑,58
萧山区英冠水天城,47
萧山区奥兰多小镇,38
西湖区曙光路三弄,29
滨江区春波小区,43
余杭区华惠家园,106
西湖区西溪路22-97号,30
西湖区珊瑚沙家园,72
江干区圆梦园锦江南苑,50
余杭区文明小区,89
拱墅区沈塘苑,20
西湖区都市阳光乐苑,73
江干区万科大家钱塘府,44
西湖区文二路160号,34
西湖区嘉里云荷廷,71
余杭区万科未来城三期梦溪里,99999999999
下城区德欣城市嘉园,49
西湖区山水人家诗家谷,38
下城区大树路3号,33
西湖区胜利新村,19
西湖区融创河滨之城,67
西湖区都市阳光嘉苑,67
余杭区广厦天都城天河苑,57
滨江区钱塘福苑,97
上城区云雀苑,41
滨江区积家,70
余杭区绿城莲园,87
萧山区回澜南园,86
江干区卓越蔚蓝领秀一期,93
余杭区星育佳园,95
拱墅区一清新村,28
余杭区万科北宸之光,64
拱墅区新安天苑,52
萧山区花城名苑,78
上城区凯恩西湖金座,32
江干区景芳三区,34
江干区三义锦唐苑,62
西湖区星洲花园圣陶沙韵,36
萧山区德意中兴广场,50
余杭区亲亲家园二期,50
萧山区海杰德大厦,53
拱墅区融信蓝孔雀,55
西湖区丹枫新村,46
江干区绿城玉兰公寓,39
西湖区欣园居,24
余杭区紫晶时代,53
上城区定安路49号,17
下城区东新园新湖苑,53
余杭区华立和郡,88
西湖区嘉绿景苑西园,50
江干区三里亭苑三区,41
余杭区太平家园,106
拱墅区金瑞城市风景,46
萧山区中粮云涛名苑,87
江干区后珠美都雅苑,64
下城区文晖路106号,25
西湖区紫金公寓,45
余杭区盛世嘉园,58
西湖区下宁巷1号,33
拱墅区耀翔悦尚,64
西湖区亚洲城花园,37
江干区昆盛肖邦,66
余杭区新南湖绿苑,78
余杭区新时代城市家园,66
萧山区佳境天城人合苑,53
余杭区广厦天都城温莎苑,57
滨江区贺田尚城,66
西湖区花园南村,25
余杭区仁惠家园,100
拱墅区都市水乡水滟苑,43
余杭区百姓弄小区,92
余杭区奥克斯杭州未来中心,76
上城区断河头,42
下城区天水巷,11
滨江区彩虹豪庭,62
余杭区余之城,60
余杭区东晖龙悦湾,121
上城区长明寺巷小区,34
余杭区耀达仁和印象,105
余杭区瑞城温莎郡,93
余杭区莱茵知己,90
滨江区湘云雅苑,48
余杭区菜市路,93
西湖区华星路88号,35
拱墅区定海西园,48
萧山区万和国际,54
余杭区理想银泰城,62
西湖区马塍路11号,29
拱墅区上尚庭,48
江干区万科紫台,49
西湖区文二路162号,34
拱墅区明园路,48
西湖区益乐路20号,47
下城区镜瑞弄,20
拱墅区景瑞申花壹号院,55
江干区圣奥领寓,41
余杭区大华西溪风情新天地,47
江干区金沙湖1号,51
西湖区转塘直街小区,58
上城区直大方伯,39
萧山区顺发康庄,71
余杭区湖山帝景湾,89
滨江区钱塘春晓,30
余杭区运河玲珑香榭,92
余杭区金帝海珀一期,92
西湖区金穗公寓,58
上城区定安路132号,14
西湖区文二路66号,29
滨江区东方商务会馆,39
西湖区弥陀寺路,24
西湖区山水人家白沙岛,36
余杭区东城丽景,58
西湖区秀里华庭,47
江干区世茂江滨花园峻景湾,79
滨江区大同公寓,64
西湖区庆丰新村,29
拱墅区首开望宸,43
余杭区大华西溪风情澄品,52
西湖区黄龙雅苑,21
余杭区朝阳西路70号,103
拱墅区德信银树湾,46
萧山区绿都四季华庭,91
西湖区新安嘉苑,42
西湖区曙光路121号,31
萧山区金马同盛,77
萧山区太古广场,71
滨江区碧水豪园,70
江干区三里新城桂苑,33
西湖区保m路165号,26
下城区三塘樱园,43
西湖区窑背巷6号,27
萧山区新惠名苑,85
下城区横广福路,19
拱墅区大关东九苑,38
下城区水稻大厦,99999999999
西湖区影业路,34
富阳区明裕花苑,110
萧山区钱江新村一区,65
余杭区嘉和银领时代,84
下城区锦园小区,27
江干区中豪国际,42
滨江区新浦路,57
萧山区广元公寓,73
萧山区宁安大厦,50
滨江区冠山小区,83
西湖区湖畔花园秋月苑,41
萧山区新盈名苑,85
上城区望江公寓,39
拱墅区红杉雅园,50
上城区滨江家园,49
西湖区马也美上,99999999999
西湖区华元天鹅堡,42
江干区中企艮山府,43
上城区长生路31号,25
江干区机场路24-4号,44
西湖区武林门新村,27
滨江区迎春小区,37
江干区华景北苑,28
西湖区星洲花园单身公寓,34
江干区龙湖滟澜山澜轩,51
江干区杭州来福士中心,46
余杭区肖家弄,82
西湖区润达花园,45
江干区广宇上东名筑,58
拱墅区浪琴翠园,44
上城区佑圣观路5号,33
江干区五福苑二苑,46
西湖区马塍路17号,24
拱墅区保利香槟国际,56
余杭区精工新村,88
萧山区山北新苑,71
江干区盛泰名都公寓,62
江干区杭州东部国际商务中心,52
西湖区黄姑山庄,33
余杭区亲亲家园四期,58
拱墅区美都广场,34
江干区金隅空港公馆,75
西湖区瑞祺大厦,26
上城区八卦新村西区,47
西湖区西溪路536号,35
上城区义井巷,26
西湖区西溪九号,66
西湖区朗郡庭园,67
余杭区玖玖国际财富中心,89
江干区水湘人家东苑,43
江干区锦润公寓,41
萧山区众安国泰花园,68
江干区长睦家苑,63
江干区紫玉福邸,35
上城区十三湾巷,24
西湖区梦湖山庄,68
余杭区春色满园,119
西湖区文三路232号,24
下城区桃花河新村,15
拱墅区塘河南村,44
西湖区钱江之江新天地,87
上城区延庆里6号,99999999999
萧山区竹林寺,68
下城区元都新景公寓,62
江干区采荷小区金谷,39
江干区采荷新村,37
下城区昌化路,14
江干区华元云水苑,60
下城区泰和苑,31
萧山区南江公寓,69
萧山区新华配套房,83
下城区朝晖路90号,32
西湖区保m北路82号,31
西湖区冠苑小区,38
江干区裕园公寓,58
萧山区大成名座,52
上城区姚园寺巷,39
西湖区翠苑三区,36
江干区农港苑,63
余杭区玉都佳苑,72
西湖区都市水乡水秀苑,47
余杭区绿城西溪融庄,78
江干区天庐苑,33
萧山区文化路4号,99999999999
萧山区广宁小区,64
余杭区兰惠家园,80
滨江区天鸿君邑,70
西湖区塘苗路28号,99999999999
拱墅区大关西八苑,34
上城区燕子弄,32
滨江区滨江宝龙城市广场,56
余杭区广厦天都城天月苑,57
余杭区乐淘城,50
拱墅区大关南一苑,33
上城区十亩田家园,47
西湖区之江家园二区,86
江干区天阳尚城国际一期,68
余杭区源峰嘉苑,96
西湖区万塘路300号,33
江干区梦琴湾,67
余杭区百家乐西园,63
西湖区紫金港湾,52
余杭区良渚花苑新村,68
上城区皮市巷,33
拱墅区玉兔路小区,36
余杭区豪波西溪润景,58
上城区钱塘人家,47
滨江区兴耀鑫都汇,40
西湖区金祝新村,21
滨江区东和时代,46
西湖区今日嘉园,28
拱墅区密渡桥路2号,15
滨江区玲珑府,43
西湖区混堂巷20号,99999999999
余杭区东田怡丰城,57
余杭区安盛家园,62
下城区通和都市枫林,47
拱墅区宝嘉誉峰,61
江干区万家花园家和苑,35
下城区浙报公寓,19
拱墅区蓝色霞湾,35
余杭区交通宿舍,91
西湖区天湖公寓,47
余杭区三墩景溪北苑,99999999999
萧山区东方一号,62
拱墅区盛德嘉苑,32
上城区柴校坊,42
余杭区凯文杭庄,90
下城区羊千弄,19
余杭区闲林山水木兰苑,58
余杭区树兰书香名邸,89
西湖区银桂花园,41
西湖区信鸿花园南区,65
江干区杭州港龙城,27
余杭区塘栖一小区,87
江干区天运花园,27
江干区凯旋新村,35
余杭区华元美林公馆,53
江干区长睦邻里人家东苑,69
余杭区大华西溪风情,54
余杭区美好桂花星城,76
余杭区同城印象花苑西区,79
滨江区中赢康康谷,38
西湖区西溪路517号,36
萧山区南岸花城,89
西湖区王家弄,24
余杭区同城印象花苑北区,85
余杭区浙商开元名都祺寓,62
下城区施家花园,21
下城区三里家园一区,49
上城区后市街,22
西湖区马塍路34号,27
滨江区温兴风情苑,48
余杭区广厦天都城天水苑,61
西湖区中兴公寓,39
余杭区蓝江四季晶品,85
下城区杭州新天地,44
西湖区古荡新村西区,37
余杭区滨江万家名城,64
萧山区顺发江南丽锦,53
西湖区中豪晴园,27
江干区采荷小区芙蓉,38
下城区新华坊社区,28
萧山区开元加州阳光小区,63
萧山区宁都花园,67
滨江区中南白马湖壹号,65
拱墅区米市新村,27
萧山区金地天逸,47
临安区青山鹤岭,96
余杭区金世纪红枫苑,99999999999
江干区中沙东岸嘉园三区,55
西湖区秋水苑,44
余杭区恒和依山郡,126
江干区云峰家园,57
西湖区耀江文欣苑,30
余杭区富邦星座,68
余杭区赞成檀府,102
萧山区商城花园,89
江干区三里家园三区,50
萧山区佳境天城成合苑,53
拱墅区大关南三苑,35
上城区南班巷,29
拱墅区文一路38弄,26
拱墅区西铭苑,49
江干区太平门直街116-1号,38
拱墅区名城公馆,47
富阳区东吴商城,147
余杭区良渚文化村柳映坊二期,85
萧山区利二花苑,51
余杭区瑞金华翠嘉苑,74
江干区景芳六区,34
余杭区科嘉苑,73
下城区长隆公寓,51
余杭区伊世纪城市花园一区,89
西湖区康乐新村,40
江干区广利佳苑,50
萧山区杭州萧山国际商务中心,71
西湖区梅苑阁小区,27
江干区柏悦公馆,64
西湖区康新花园,33
萧山区新白马公寓,67
余杭区良渚文化村白鹭郡南,95
上城区龙华巷4到11号,26
萧山区名仁家园,70
西湖区华星公寓,34
萧山区丰北一苑,54
萧山区保利霞飞郡,65
西湖区浙大新村,34
西湖区文天公寓,27
余杭区亲亲家园三期,47
拱墅区德胜新村,28
下城区昆仑公馆,30
西湖区曙光路9号,24
萧山区得力名望府,99
江干区南肖埠北景东苑,31
西湖区文二路51号,99999999999
西湖区学院路176-178号大院,37
西湖区汇丰公寓,31
下城区东方豪园,28
下城区武林桥河下,9
上城区候潮公寓,39
拱墅区宜家时代,53
江干区交通晓时代,38
拱墅区锦文雅苑,52
江干区三里新城竹苑,36
富阳区镬子山社区,128
余杭区经建绅世郡园,89
萧山区星河景庭公寓,51
滨江区保亿风景蝶院观园,61
余杭区翡翠城二期,57
西湖区星洲花园红树林,37
西湖区邮电新村,27
余杭区西溪泊岸,43
西湖区西溪路403号,33
余杭区绿城蓝庭西区,82
萧山区通和戈雅公寓,79
拱墅区大关东八苑,37
上城区凤山路79号,47
西湖区天目山路95号,26
拱墅区银河嘉园,40
拱墅区紫荆家园,38
余杭区万泰城章,80
江干区钱江六苑,42
江干区东港嘉苑二区,40
江干区保利梧桐语,45
拱墅区浙旅德信西宸,49
拱墅区富越香郡,54
余杭区五月花城,107
江干区恒祺克拉天玺,40
下城区润和亿城嘉园,55
下城区中山花园,14
西湖区雅仕苑,48
上城区民安苑,50
西湖区钱江西溪和景,41
拱墅区化纤新村,45
西湖区保m北路101号,35
江干区采荷东区,40
萧山区天汇园星云地带,66
西湖区翠苑五区,32
萧山区滨江金色江南,50
上城区保安桥直街,36
江干区世茂江滨花园碧景湾,59
萧山区城建公寓,64
拱墅区金隅田员外,40
萧山区绿都嘉丰公馆,76
余杭区良渚文化村七贤郡,87
富阳区虎山雅苑,136
西湖区杭大新村,30
西湖区学院路99号,35
西湖区天苑花园,34
拱墅区七古登人家,42
上城区通江桥高层小区,34
江干区伊萨卡国际城排屋,74
下城区北景园竹邻苑,54
西湖区广宇西城美墅,44
萧山区广仁小区,75
江干区万科魅力之城,57
西湖区星洲花园万黛兰居,52
下城区潮鸣苑,33
江干区首开武林8栋,51
西湖区世纪新城西区,30
西湖区文三路103号,22
上城区枝头巷7-28号,99999999999
余杭区大华海派风范,81
萧山区山阴小区,66
余杭区金地西溪风华,65
江干区万科公园大道,43
西湖区西鉴枫景,40
余杭区临平桂花城北区,92
西湖区厚诚路,58
滨江区钱龙名汇公馆,55
西湖区浪漫和山,52
西湖区华元和庄,53
西湖区西溪蝶园二期,53
拱墅区九龙仓碧玺,45
江干区景芳一区,38
余杭区嘉丰万悦城,92
西湖区留下西苑,50
下城区东清巷,33
西湖区翠苑二区,46
萧山区萧绍路1602号,63
西湖区文一路95号,42
上城区黄工厂弄,39
萧山区姚江岸家园,96
余杭区相寓,93
余杭区香洲里,62
江干区沁园雅舍,27
江干区东海柠檬郡,46
西湖区文三新村,21
江干区三里亭一区,38
西湖区绿城丁香公寓,34
江干区金秋花园,33
拱墅区锦秀兰庭,48
上城区光复路小区,23
江干区南肖埠景和苑,35
江干区天元公寓,61
西湖区嘉南公寓影池居,46
拱墅区庆云居,45
西湖区西湖花园南苑,57
余杭区灵峰苑,58
拱墅区大关东二苑,38
上城区茶啾弄,37
余杭区清合嘉园东区,101
余杭区新城oZ,62
萧山区顺发旭辉国悦府,61
下城区北景园莲趣苑,48
萧山区明意公寓,108
西湖区协安紫郡,73
西湖区马塍路19号,23
余杭区万科杭宸,75
江干区东港嘉苑三区,40
萧山区萧山宝龙城市广场,61
江干区联合格里,63
滨江区浮力森林苑,54
江干区钱江新城瑞晶国际,38
下城区庆晖公寓,33
江干区阳光逸城,59
江干区采荷路62号,38
滨江区新州花苑,46
余杭区北湖绿洲花园,86
余杭区广厦天都城天澜,61
下城区景洲公寓,57
下城区江山弄,14
下城区竹竿巷,23
余杭区风雅乐府,73
余杭区瑞金华丽嘉苑,68
余杭区万科桂语里,58
江干区高沙百盛苑,56
西湖区莫干山路79号,19
下城区环西新村,14
下城区青园小区,19
下城区香石公寓,44
余杭区林溪闲庭,66
萧山区华瑞湘湖林语,66
余杭区欣北钱江国际广场,105
西湖区同人广场,39
西湖区西溪蝶园一期,53
余杭区良渚文化村白鹭郡东,78
下城区灯芯巷,14
江干区盛泰名都中心,62
西湖区莲花新村东区,45
西湖区松木场河西,25
余杭区融创金成西溪海,75
萧山区南欣公寓,70
下城区中江花园,30
江干区罗兰春天,67
拱墅区正中尚品庭院,41
萧山区东方一品公寓,53
拱墅区和睦院,40
西湖区莲花新村西区,47
上城区滨江金色家园,40
余杭区溪悦宸府,65
拱墅区绿城西子紫兰公寓,30
上城区凤山路125号,46
余杭区东冠逸家,71
下城区中山北路小区,12
下城区领骏世界,37
余杭区广和美地兰庭,97
拱墅区教工里,50
西湖区三坝雅苑,41
上城区翰林花园,31
下城区红枫苑,28
萧山区重汽嘉泽苑,90
滨江区时代长岛之春,83
拱墅区清水公寓,35
西湖区益乐路58号,33
上城区长堤明苑,32
上城区名珏公寓,31
余杭区将军殿弄,96
富阳区梓树花苑,105
拱墅区莫干山路348号,44
西湖区蓝爵白马尊邸,56
江干区广大融城印象,72
西湖区文一路60号,42
滨江区江南铭庭,57
西湖区下宁巷,33
萧山区永泰名苑,73
西湖区求是村,28
拱墅区新青年广场,32
余杭区东田擎天半岛,107
萧山区朝阳银座,73
滨江区世茂智慧之门,45
余杭区都市港湾,96
下城区海辰水岸晶座,60
萧山区广聚公寓,64
拱墅区风景大院,47
西湖区天阳云筑,84
萧山区华瑞湘湖美地,53
余杭区金鼎阳光公寓,108
西湖区莲花港家园,52
萧山区新华缘,71
上城区惠民苑小区,29
江干区德信大家钱江府,35
下城区三塘竹园,44
江干区宋都时间国际,48
余杭区福临花苑,99
萧山区金城花园,70
萧山区丽晶国际,53
余杭区绿城蓝庭东区,82
下城区三华园,16
下城区皇亲苑,16
拱墅区长乐北苑,37
余杭区伊世纪城市花园,89
拱墅区浅水湾城市花园,26
上城区河坊街小区,36
余杭区微博公馆,84
下城区田逸之星,67
江干区金禾嘉苑,48
萧山区德意空港国际,102
江干区福雷德广场艾肯金座,57
江干区三里新城橘苑,36
萧山区金马飞鸟集,71
萧山区天汇园,68
江干区百大绿城西子国际,35
萧山区开元名郡,75
西湖区登新公寓,39
西湖区政苑小区,54
上城区复兴南苑,50
余杭区浙富西溪堂,99999999999
萧山区丰北三苑,58
西湖区富丽花园(西湖),42
江干区机神新村,23
拱墅区亲仁里,45
江干区大世界五金城,46
滨江区缤纷北苑,47
萧山区东南钱江蓝湾,89
萧山区湖畔宽邸,66
下城区艮山上,22
西湖区学院路222号,35
萧山区盈一佳苑,49
江干区德信中外公寓,55
西湖区西溪佳苑,48
西湖区金都花园,44
拱墅区天阳美林湾,50
下城区思敬里,17
滨江区滨安小区,32
西湖区文三路52-1号,99999999999
西湖区紫桂花园,33
西湖区沁雅花园,41
余杭区钱塘梧桐蓝山,77
萧山区钱盛商厦梦公馆,67
西湖区西溪路505号,38
滨江区长江小区,70
江干区香滨湾花园,37
下城区绿洲花园,24
下城区新天地中心,50
下城区东园小区,31
西湖区嘉绿北苑,31
萧山区众安嘉润公馆,56
萧山区天香华庭,87
西湖区兰庭国际,27
下城区现代景苑,34
西湖区浙江油田留下小区,55
余杭区广厦天都城天熙公馆,99999999999
上城区近江家园六园,28
拱墅区北国之春人家,43
拱墅区杭钢西苑,57
拱墅区湖墅嘉园,31
拱墅区顺发吉祥半岛,39
西湖区金桂大厦,37
余杭区清合嘉园西区,103
江干区东方铭楼,52
下城区玄坛公寓,11
上城区尚筑金座,25
滨江区湖漫雅筑,59
滨江区江滨澜廷,39
西湖区绿城之江1号,65
余杭区恒合金座,65
萧山区宝盛世纪中心,51
江干区建塘家苑,70
西湖区文二路57号,30
江干区金隅观澜时代瀚庭,71
江干区紫玉名府,27
上城区阳光海岸,37
余杭区钱神花苑,70
西湖区府新花园东区,37
江干区宝龙云滨湾,72
下城区石板巷新村,30
拱墅区绿城西子田园牧歌,38
拱墅区大关西五苑,34
江干区新沙家园,58
西湖区白荡海社区,38
拱墅区东方福邸,56
江干区泊林印象,54
上城区华光路,22
萧山区名扬阁,80
萧山区兴耀星悦湾,113
余杭区朗诗未来街区东园,58
西湖区首开国风美域,43
下城区紫庭花园,24
上城区新工新村,44
余杭区福鼎家园,46
江干区运新花苑一区,39
滨江区君尚金座,50
滨江区临江花园,71
萧山区明怡花苑,54
西湖区云溪香山,79
江干区闸弄口农药厂宿舍,22
江干区东茂苑,28
江干区世茂江滨花园瑞景湾,75
滨江区滨兴小区西区,71
萧山区众安景海湾,84
下城区河罕上,30
西湖区栖霞岭,41
上城区美政花苑,52
下城区布店弄,21
萧山区江南明城金座,48
萧山区奇景家苑,83
西湖区新星小区,56
临安区锦尚唐宁郡,78
萧山区京奥名座,85
余杭区新丰小区,99
滨江区莱蒙水榭春天,51
西湖区丰盛九玺,60
萧山区新丽名苑,73
下城区宝善公寓,27
萧山区江南明城,52
下城区阳光银泰城,54
余杭区红联九漾华庭??东区,77
下城区中山北路365到375号,99999999999
萧山区憬天国际名座,84
西湖区翠苑一区,34
江干区明桂南苑,30
萧山区得力新和人家,77
西湖区保m路97号,28
下城区横燕子弄,32
拱墅区哑巴弄,30
余杭区金都雅苑,51
西湖区莫干山路361号,26
萧山区嘉利公寓,81
江干区钱江三苑,42
江干区保利江语海,70
西湖区翠苑二区北区,42
上城区文华苑,29
滨江区燕语林森公寓,34
西湖区教工路131号,29
萧山区通惠丽港,62
拱墅区大关南八苑,38
上城区望江新园三园,46
西湖区松木场河东,25
滨江区滨康二苑,53
拱墅区香兰名院,41
富阳区容大五环城市花园,150
西湖区曲荷巷18号,38
萧山区水曲弄,60
拱墅区黄龙金茂悦,47
萧山区光明尚海湾,90
拱墅区裕兴苑,42
萧山区晶典公寓,84
萧山区绿都御景蓝湾,94
西湖区天目山路234号,37
西湖区花园北村,27
上城区秋涛南苑,41
江干区保利东湾,77
上城区清泰街小区,29
西湖区文溪鼎园,47
余杭区盛奥西溪铭座,64
西湖区府苑新村,40
江干区伊萨卡国际城鹭江园,59
西湖区同人精华,42
西湖区枫丹白露,76
萧山区佳境天城佳合苑,52
江干区滨江凯旋门,36
余杭区信达柳郡,82
西湖区启真名苑,28
拱墅区大关西四苑,37
滨江区江虹小区,58
西湖区文二路48号,32
江干区机场路137号,35
下城区潮王公寓,39
下城区长板里,29
拱墅区大关南五苑,39
富阳区水岸青云,155
西湖区阳光花园,39
萧山区美之园东区,59
余杭区合景映月台,61
上城区滨江钱塘印象,36
滨江区通策广场,58
拱墅区远东新月公寓,24
西湖区锦绣文苑,21
下城区法轮寺弄,18
上城区老浙大直路11-25号,99999999999
西湖区五洲国际广场,40
西湖区西溪名园,54
下城区西湖新城,17
上城区鸥江公寓,32
拱墅区广兴新村,32
江干区中豪七格,50
西湖区曙光路139号,33
江干区万家花园万和苑,32
上城区西湖八号公馆,36
西湖区嘉绿青苑,35
余杭区良熟新苑,72
余杭区星运丽园,84
滨江区白马湖小区白鹤苑,66
西湖区松溪公寓,27
余杭区力达易居时代,89
萧山区泰和花园,70
下城区体育场路470号,99999999999
江干区新城国际花园彩园,48
江干区广宇上东臻品,71
下城区联锦大厦,21
江干区新风丽都北苑,30
江干区闸弄口东村,37
江干区采荷小区玉荷,34
江干区龙湖名景台一期,71
余杭区金成英特学府,69
下城区滨河公寓,20
下城区工人新村,27
上城区新绿园,37
拱墅区莫干山路651号,41
萧山区银河商务公馆,99999999999
上城区严衙弄,28
余杭区荷花小区,104
余杭区竹径云山,96
余杭区青枫墅园鹭语别墅,99
上城区中山苑,29
江干区文晖铭园,30
萧山区东张家弄,72
拱墅区新华苑,51
拱墅区银都大厦,25
余杭区惠都家园,109
余杭区CBC时代大观,66
萧山区佳丰南苑,56
西湖区林语别墅,47
下城区武林路,12
余杭区广厦天都城天星苑,60
余杭区华元玉榕庄,75
滨江区潮人汇,63
余杭区景瑞御华府,94
上城区新城坊,46
江干区绿地华家池印,37
西湖区康乐香港城,42
余杭区金帝海珀二期,92
西湖区嘉华公寓,43
江干区钱塘航空大厦,36
江干区和谐嘉园南苑,43
江干区世茂天宸,35
萧山区江宁大厦,56
余杭区西城时代家园,76
萧山区高运莱茵传奇,55
萧山区仙家路,67
江干区明桂苑,33
西湖区龙湖水晶郦城,78
上城区金狮苑,41
上城区近江新村,45
拱墅区湖墅新村,29
滨江区之江花园,59
滨江区钱塘春晓大厦,31
江干区铭和苑桂雨坊,64
余杭区星雅嘉园逸景苑,67
萧山区龙湖旭辉春江悦茗,54
西湖区翠苑逸景湾,47
西湖区青芝坞,49
下城区绿城深蓝广场,17
下城区东河春晓,27
下城区中粮方圆府,47
滨江区天寓,45
下城区凤起苑,29
上城区金棕榈花园,48
下城区潮王人家,30
萧山区幸福时代公寓,57
江干区伊萨卡国际城浩泽园,70
江干区德信金泊林公寓,43
下城区东新园茗盛苑,51
西湖区万科西庐,60
上城区钱江时代公寓,48
拱墅区莫干山路558号,38
下城区北景园紫荆苑,58
江干区采荷街道商教苑社区,37
江干区万象城悦玺,42
拱墅区凤亭院,39
萧山区通惠南路298号,99999999999
萧山区杭齿宿舍,60
余杭区赞成龙兴道一号,88
拱墅区古新路,25
余杭区良渚文化村探梅里B,85
余杭区青枫墅园,100
江干区多蓝水岸碧海苑,71
余杭区凯文和平雅苑,103
江干区置鼎明珠1号,59
滨江区汉峰峰公馆,60
萧山区广和公寓,76
萧山区龙湖春江天玺,57
上城区赞成林风和风苑,38
江干区三里家园二区,50
下城区威乙巷,28
滨江区水印城,48
西湖区德雅花园,32
余杭区绿城风华苑,73
上城区小剪刀弄,42
萧山区学士桥小区,78
萧山区丰瑞北苑,66
余杭区众安理想湾,88
滨江区温馨人家,34
余杭区水车河弄,102
西湖区水木清华,58
西湖区上郡,43
上城区皇诰巷,28
下城区国都公寓,18
江干区多蓝水岸蓝波苑,76
下城区体育场路71-176号,99999999999
西湖区曙光新村,27
下城区王马巷,35
下城区六塘公寓,40
西湖区马塍路18号,24
下城区水岸雅苑,47
滨江区中兴花园,42
西湖区西溪诚园致诚苑,53
下城区打铁关新村,22
余杭区邱山小区,94
西湖区曙光路23号,26
余杭区理想西溪金座,49
江干区滨江城市之星,46
萧山区信融御金台,99999999999
下城区海狮沟,33
滨江区龙湖春江彼岸,50
拱墅区和新北苑,33
上城区丰禾巷,35
下城区仙林苑,20
余杭区月欣花苑,90
拱墅区德胜巷108号,38
江干区朗诗国际街区,66
西湖区慧仁家园北区,53
江干区后珠美邻嘉苑,65
余杭区仓溢绿苑,84
余杭区万科未来城二期,63
江干区景芳二区,27
余杭区绿野春天家园,83
拱墅区德信臻园,43
下城区景湖苑,12
滨江区江涛阁,50
西湖区富丽苑,35
滨江区长虹苑,75
上城区金隅学府,47
西湖区新世纪花苑,46
余杭区广厦天都城蓝调公寓,62
江干区保利湾天地,73
江干区泰美国际大厦,49
江干区名城湖左岸,55
西湖区西城博司,74
下城区柳营花园东区,33
余杭区东湖中路175号,85
萧山区顺丰家园,58
江干区丁桥景园北苑,57
上城区华龙家园,48
西湖区桂花城,36
下城区东园巷,32
拱墅区大关东六苑,39
下城区万家星城,50
西湖区乾成园,74
余杭区枫桥庭,67
西湖区银马公寓,25
西湖区桃花弄,21
下城区长木新村,43
上城区清怡花苑,46
江干区月雅苑,51
江干区同方国际,40
下城区小北门,10
江干区丁桥颐景园,60
萧山区育才西苑,80
江干区和睦路7号,54
西湖区莫干山路593号,39
拱墅区信义坊,27
江干区新江花园,38
余杭区太炎花苑,73
拱墅区莫干新村,23
拱墅区湖墅南路99号,20
萧山区文化路159号,99999999999
余杭区理想康城国际,81
江干区湾南德盛东苑,70
西湖区溪畔花园,36
拱墅区武林公寓,14
下城区绿洲吉家,23
萧山区威尼斯水城,54
西湖区嘉绿景苑东园,55
萧山区恒大帝景,91
上城区赞成林风沁林苑,35
江干区新城时代广场,34
余杭区新明半岛,66
西湖区耀江文欣大厦,29
余杭区怡景花城鸣翠苑,57
余杭区新西湖小镇,91
江干区左邻右舍,49
拱墅区景上公寓,31
萧山区一方大厦,53
江干区浙江大学华家池校区,35
萧山区开元广场,74
余杭区杭州宏丰家居城宏丰公寓,51
下城区家弄,26
江干区原筑壹号,62
拱墅区吉庆院,36
萧山区九悦江南,74
江干区景芳东区,40
余杭区书林苑,69
下城区亿城雅苑,59
萧山区绿都南江壹号,79
拱墅区大关东三苑,38
余杭区万科良渚文化村秋荷坊,84
下城区新天地世嘉新座,52
萧山区怡佳公寓,69
江干区东方丽都花苑,37
西湖区山水人家清水湾,32
萧山区三江花园(萧山),71
余杭区万科缦云坊,93
下城区泰地北上新城,60
江干区阳光城普升,49
下城区三塘北村,41
余杭区同城印象花苑东区,84
余杭区三墩景溪南苑,99999999999
滨江区滨康小区,73
江干区滨江曙光之城,37
余杭区闲林山水梅兰苑,59
萧山区湘湖九号,76
余杭区上实海上海,61
江干区滨江德信东方星城,44
西湖区厚诚公寓,60
西湖区聚丰公寓,36
江干区宋都凯旋苑,36
拱墅区蚕花园永庆坊,43
余杭区绿城桃源小镇,59
萧山区新南郡嘉苑,88
滨江区中兴和园,65
萧山区金满府,109
江干区水湘人家南苑,39
下城区西文西苑,39
上城区清河家园,47
下城区朝晖七区,31
富阳区铭鹤花园,80
江干区后珠辰秀嘉园,66
江干区铭和苑柳翠坊,58
江干区元成时代中心,73
萧山区北辰奥园,67
江干区濮家新村,24
滨江区金铂湾,41
下城区环城东路298-311号,99999999999
余杭区星雅嘉园逸品苑,71
滨江区铂金时代公寓,33
下城区艮山福居,18
西湖区外东山弄,33
滨江区瑞立东方花城,35
西湖区宝嘉誉府,56
拱墅区祥符路,53
上城区钱江苑,46
滨江区景江苑,48
西湖区湖畔花园春晓苑,37
萧山区中誉万豪广场,50
江干区农科院社区,49
西湖区世贸丽晶城欧美中心,27
余杭区佳肴弄,83
上城区凤凰南苑,38
萧山区丰盛大厦,52
西湖区绿城兰桂花园,42
西湖区黄龙世纪苑,19
富阳区富春如意花园,141
拱墅区蚕花园永安坊,44
西湖区三墩颐景园,50
西湖区武林巷5-28号,99999999999
拱墅区和睦坊,32
余杭区星运丽园兰逸,89
萧山区湖畔宽邸中央郡,55
滨江区钱塘大观,75
萧山区万向城市花园,66
下城区凤起桥河下,14
西湖区耀江文萃苑,27
江干区金地格林格林,67
下城区北景园水镜苑,60
西湖区龙申剑桥公社,40
江干区天城路60-8号,43
余杭区富力新线公园,71
西湖区东日晴好,89
上城区春江花月,44
萧山区绿都金域东方,96
富阳区九龙山庄,107
余杭区广厦天都城天风苑,62
江干区京惠花园,22
上城区民生路,25
江干区保利鹭沙郡府,80
江干区天阳凤起,44
余杭区广厦天都城天泉苑,53
余杭区和合财富中心,78
下城区朝晖四区,27
萧山区绿都四季花城,74
萧山区荣星东苑,69
下城区天园阁,31
西湖区港湾家园,57
上城区万安城市花园东苑,23
余杭区望城,69
萧山区万科大家世纪之光,64
拱墅区新华园,28
江干区采荷路47号,37
江干区新塘家园东区,39
萧山区北干二苑,65
西湖区西苑小区(西湖),55
余杭区良渚文化村白鹭郡北,82
西湖区里东山弄,31
余杭区南安新苑,71
萧山区文化路5号,64
余杭区东田玉城,80
上城区西湖大道261、263、265号,21
西湖区坤和和家园,67
拱墅区凯德视界,40
余杭区西溪华东园,71
西湖区南都德迦东区,36
萧山区正元都市阳光,55
滨江区兴盛花园,43
拱墅区普金家园,42
余杭区临平桂花城南区,87
余杭区佳兆业君汇上品,51
西湖区梧桐公寓,36
西湖区西溪河下78号,42
上城区金隆花园,26
上城区凤凰山脚路,46
下城区朝晖二区,22
江干区锦江半岛,54
拱墅区九龙仓珑玺,51
江干区三里亭苑四区,48
拱墅区金地繁华里,55
西湖区翰墨香林苑,49
余杭区福田花园,75
江干区金色黎明二期,62
下城区三塘汶园,44
江干区红树林花园,28
滨江区缤纷小区,44
西湖区曙光路158号,29
拱墅区崇盛里,40
滨江区欣盛东方郡东区,36
江干区鑫运时代金座,44
萧山区人民路204号,67
西湖区翠苑东二区,42
江干区美达浅草名苑,43
滨江区江南文苑,57
余杭区北庙北弄,88
西湖区华苑公寓,34
下沙区宝龙城市广场,67
江干区新风丽都南苑,30
西湖区华远大厦,31
余杭区怡景花城,55
余杭区碧景园,66
西湖区府新花园西区,42
拱墅区万通中心,35
拱墅区都市水乡水涟苑,43
西湖区宝石二路8号,29
上城区紫花苑,51
西湖区云栖蝶谷,56
萧山区汇宇和庭,78
上城区檀香园,33
西湖区曙光路101号,30
拱墅区渡驾新村,54
下城区后营弄,5
萧山区商城西村,82
江干区红街天城公寓,34
萧山区东裕华庭,137
拱墅区依锦苑,43
余杭区通济路1-12号,79
萧山区南润名座,67
余杭区野风启城,109
余杭区汀洲花苑北,85
滨江区浙新小区,59
萧山区金域兰庭,97
滨江区迎春南苑,41
西湖区厚诚路26号,54
余杭区祥盛家园,86
拱墅区锦昌文华苑,42
下城区直戒坛寺巷,7
西湖区上宁新村,26
萧山区宁泰家园,80
江干区居安坊,44
拱墅区米市巷,28
萧山区城中花园(萧山),59
下城区三塘高层公寓,47
拱墅区星河明苑,19
拱墅区万家花城二期,59
西湖区金田花园,41
余杭区凤凰家园,70
拱墅区融信学院府,52
萧山区北干一苑,67
余杭区泊悦府,68
拱墅区大兜路198号,41
西湖区望月公寓,49
上城区三元坊巷,18
萧山区南市花园,65
西湖区黄姑山路22号,33
拱墅区长乐路20弄,38
余杭区后横弄,101
下城区林司后,30
西湖区毛家桥公寓,34
滨江区钱塘玫瑰湾,62
西湖区富越香溪,61
拱墅区中国铁建国际汇,61
西湖区万美摩登中心,86
拱墅区远洋公馆绿园,36
江干区景芳水湘苑,37
余杭区紫竹人家,73
萧山区湘湖人家,78
萧山区金浦明苑东区,73
西湖区山水人家香溪地,37
拱墅区万家花城一期,59
下城区灯塔新村,46
江干区三堡东苑,38
下城区德胜路177号,59
萧山区明华明辉花园,70
上城区积善坊巷,25
下城区环城北路六弄,26
上城区康都紫轩,43
萧山区顺发美哉美城,58
余杭区湖山帝景湾南苑,80
江干区新城红郡,58
下城区东新府,50
余杭区合景瑜翠园,89
江干区蓝桥名苑,45
萧山区南门江住宅区,70
萧山区凯丽晶座,85
下城区马家弄21.22.25号,30
西湖区嘉绿名苑,34
下城区孩儿巷,17
西湖区文二路70号,31
西湖区金欣公寓,45
萧山区湖山春晓家园北区,99999999999
江干区金牛坊,34
江干区晨光绿苑南苑,42
拱墅区中环大厦,26
拱墅区和睦新村,42
余杭区禹航路,68
上城区江城路216号,46
余杭区理想世纪金座,76
上城区望江家园西园,27
下城区三塘南村,36
上城区望江新丰苑,42
江干区和谐嘉园东苑,46
江干区天城府,39
滨江区东和云第,63
西湖区香樟公寓,40
下城区树园,26
下城区北景园菊香苑,57
江干区花圃铁路新村,35
西湖区嘉绿文苑,38
下城区黎明园,25
余杭区经纬玲珑家园,98
江干区盛世钱塘,60
余杭区东安景苑,83
江干区龙湖滟澜山茗轩南区三期,53
余杭区赛银国际广场,60
江干区杰立公馆,31
下城区流水东苑,28
萧山区金苑大厦,67
余杭区中交悦西溪,51
余杭区超峰小区,90
临安区江南佳苑,117
余杭区西溪君庐,72
拱墅区大关南九苑,38
滨江区镇前路77号,99999999999
下城区长木里,50
江干区郡枫绿园东区,61
萧山区中国铁建青秀城,55
滨江区绿城明月江南,46
拱墅区都市水乡水曲苑,45
西湖区体育场路466号,15
拱墅区沈塘东村,18
萧山区广德小区,71
西湖区颐景园,37
萧山区三江新村,74
拱墅区宋都香悦郡,57
拱墅区芳满庭,59
西湖区天目山路101号,29
余杭区广厦天都城爵士花园,77
江干区金沙居,61
上城区涌金花园,23
余杭区新湖果岭,98
拱墅区蚕花园永和坊,45
拱墅区联合畔上居,40
临安区筑境花园,115
余杭区融创瑷颐湾,61
下城区艮园社区,28
拱墅区叶青苑,26
西湖区中海定山府,87
余杭区大美公寓,63
余杭区合景天峻,66
萧山区香山四季公馆,74
西湖区武林花园,24
西湖区科技新村,35
江干区景芳新五区,38
萧山区馨星大厦,84
西湖区南都德迦西区,32
拱墅区大浒东苑,39
西湖区学苑春晓,44
拱墅区娑婆新村,29
西湖区白荡海人家,38
萧山区广泽小区,101
滨江区南都江滨花园,57
西湖区西溪晴雪,50
萧山区绿茵园小区,62
上城区绿城蓝色钱江,41
江干区万象城悦府,44
余杭区春风江南府,89
拱墅区都景公寓,41
富阳区万安秀水山庄,103
西湖区大家之江悦,74
江干区克拉公馆,46
江干区文苑风情,55
萧山区郡望府,81
下城区岳家湾,27
萧山区发展公寓,78
上城区永昌坝,43
下城区三塘桂园,43
西湖区黄姑山小区,30
下城区现代家园,22
余杭区东海闲湖城,55
滨江区银色港湾公寓,58
江干区采荷小区红菱,34
上城区小营民居,38
西湖区文二路166号,25
上城区融创大家侯潮府,40
余杭区爱丁郡,76
江干区笕东嘉苑,46
余杭区海澜半岛,67
下城区漾河人家,44
余杭区棠梨家园,63
拱墅区凯德龙湾,38
江干区万科大都会79号,55
拱墅区大关东五苑,37
拱墅区大家运河之星,89
江干区龙湖名景台二期,63
萧山区丰北二苑,57
下城区石板巷,30
余杭区亿丰蔚蓝郡,60
余杭区西溪蓝海,64
西湖区同仁家园金河湾,71
拱墅区拱苑小区,49
萧山区万众名府,76
拱墅区贾家弄,29
下城区京都苑,32
拱墅区名城燕园,37
余杭区万宝城,90
上城区北落马营6号,43
西湖区玉古路139号,40
上城区惠民路,33
滨江区印月尚庭,63
江干区中旅城仕公馆,74
下城区天堂园社区纺织厂宿舍,52
江干区闸弄口新村,35
萧山区新农都公馆一区,76
西湖区教工路138号,23
萧山区金域三江,82
下城区豆腐巷,20
余杭区新城山语院,81
萧山区盛元蓝爵国际,66
江干区新元金沙家园,52
拱墅区天鸿香榭里,66
滨江区万科璞悦湾,66
萧山区新世界柏丽轩,69
滨江区长河商厦,79
上城区江城路316号,40
余杭区新城西溪逸境,61
江干区南肖埠社区,33
拱墅区白马公寓,14
下城区社坛苑,14
西湖区西溪路521号,38
江干区观澜时代云邸苑,70
江干区金隅观澜时代天筑,71
滨江区龙禧大酒店,63
余杭区东湖公寓,82
江干区头格江景家园一区,50
江干区万科草庄,40
余杭区黄鹤山居,72
下城区广电雅苑,54
江干区南肖埠小区庆春苑,35
江干区景冉佳园,72
余杭区富力十号院,72
拱墅区和睦公寓,46
萧山区众安朝阳8号,73
下城区东清大厦,33
西湖区花园西村,27
下城区天堂园汽轮宿舍,50
余杭区广厦天都城天漾,64
拱墅区正兴堂弄,31
萧山区绿城丁香公馆,62
拱墅区荣华里,43
西湖区金街美地,75
上城区保安桥河下,38
上城区凤山花苑,39
江干区观音塘小区,33
滨江区中奥江锦国际,53
上城区怡和苑,32
滨江区白马湖小区孔雀苑,84
萧山区市北公寓,61
西湖区世贸丽晶城,28
拱墅区三宝新村,33
西湖区马塍路16号,24
上城区海运国际大厦,49
江干区闻皇庙社区,36
下城区玄坛弄,9
萧山区江南摩卡,70
西湖区文亭公寓,40
余杭区恒基旭辉府,89
江干区华元十六街区,55
江干区玺之湾,50
余杭区赞成香颂一期,88
西湖区曙光路123号,32
上城区华藏寺巷,27
上城区定安苑,17
萧山区绿都百瑞广场,51
萧山区中誉现代城,79
西湖区教工路65号院,31
下城区中山北路421号,8
余杭区临城花苑,84
下城区朝晖八区,33
拱墅区登云阁,45
西湖区小和山林野山居,52
拱墅区天时苑(拱墅),99999999999
余杭区西溪永乐城,65
拱墅区锦绣新村,26
萧山区顺发和美家,45
江干区世茂东壹号,41
下城区流水北苑,27
滨江区铂金名筑,77
江干区九月庭院,57
江干区采荷小区青莼,36
余杭区奥克斯缔逸城,53
江干区龙湖滟澜星座,44
余杭区爵士风情花园,59
江干区东方君悦,42
滨江区风尚蓝湾,72
下城区西子大厦,8
余杭区亲亲家园一期,58
江干区明桂北苑,32
西湖区同仁家园,72
江干区采荷小区紫藕,38
萧山区三水一生,80
余杭区绿城翡翠湾,71
江干区和达城,51
拱墅区大关西七苑,36
余杭区丰梅路10-21号,99999999999
西湖区名仕家园,40
江干区地铁绿城杨柳郡,33
西湖区爱尚里,76
拱墅区左岸花园,47
萧山区怡和公寓,65
余杭区华元西溪欢乐城,58
上城区万松岭路88号,99999999999
西湖区青石桥24幢,36
萧山区万科金辰之光,48
西湖区浙江工业大学之江校区宿舍,99999999999
江干区海棠公寓,55
江干区绿城财通中心,47
西湖区秀月家园北区,43
江干区后珠家苑,58
上城区五圣堂,35
江干区东亚新干线,35
余杭区月光苑,100
拱墅区莱德绅华府,50
萧山区君悦丽景,50
上城区清泰南苑,45
拱墅区方正御星,60
江干区后珠辰秀嘉园南区,66
西湖区山水人家彩云天,36
拱墅区远洋公馆,37
余杭区东厦东港花苑,86
滨江区锦绣江南,55
余杭区东海花园,70
西湖区西溪诚园明礼苑,51
西湖区星洲花园格兰馨芦,37
滨江区荣安望江南,45
拱墅区绿城运河郡,57
下城区屏风苑小区,13
萧山区顺发旺角城二期,65
萧山区合丰新业大厦,66
萧山区回澜北园,75
滨江区中天官河锦庭,36
余杭区君临阁,73
萧山区心意广场,67
余杭区金都西花庭,85
余杭区通怡花苑,66
江干区采荷路35号,41
下城区云龙十一景,34
萧山区恒逸南岸明珠,54
西湖区白马尊邸,54
拱墅区香积寺巷,32
余杭区昆仑府,71
江干区阳光景台公寓,57
上城区世纪坊,31
江干区三里新城荷苑,38
拱墅区大关南七苑,42
萧山区琅琴湾,92
下城区新华路小区,27
余杭区欣龙华府公寓,73
拱墅区小河路365号,99999999999
江干区宋都阳光国际,50
上城区柳营新村,27
西湖区紫荆欣苑,36
余杭区南苑二区(余杭),65
拱墅区德胜路318号,36
萧山区家乐公寓,68
西湖区紫林公寓,49
下城区重机巷,45
江干区北银公寓,65
萧山区绿城九龙仓钱塘明月,68
余杭区润和西溪郡,62
余杭区良渚文化村春漫里,82
上城区祠堂巷,27
下城区杭钢宿舍,47
上城区水岸枫庭,35
余杭区岸上蓝山,55
萧山区佳境天城天合苑,50
江干区万家花园欣和苑,32
下城区万寿亭街小区,7
拱墅区南北西岸,45
江干区万科中央公园,41
西湖区南都花园三区,46
西湖区兰韵天城,44
上城区西湖定安名都,19
江干区宋都晨光国际,62
江干区城发云锦城,57
江干区钱江国际时代广场,33
下城区凤起都市花园,28
西湖区复地黄龙和山,44
下城区大家武林府,21
西湖区马塍路32号,28
江干区世茂江滨商业中心,57
西湖区金地自在城,53
余杭区金都夏宫,82
西湖区南都花园别墅,48
萧山区丽华公寓,78
西湖区西溪天堂悦居,57
滨江区文耀大厦,75
拱墅区昆仑橡树园,54
余杭区凤仪家园,69
萧山区都市广厦,75
西湖区绿洲湾,56
拱墅区大关东四苑,42
拱墅区天阳尚景国际,51
上城区上水陆寺巷,39
拱墅区五洋运河人家,46
拱墅区新城金镶玉,53
萧山区银河小区,66
上城区丁衙巷,37
余杭区金源公寓(余杭),76
上城区望江新园二园,46
余杭区小城之春花苑,81
西湖区翠苑四区,32
下城区现代名苑,27
萧山区文化路132号,62
西湖区嘉南公寓青藤居,46
西湖区文三路54号,24
拱墅区百大花园,21
下城区杨家春晓南苑,58
萧山区中国铁建江南国际城,51
萧山区东D桥公寓,71
西湖区曙光路1号,26
余杭区艺尚里,60
下城区中山北路439号,6
江干区丁桥兰苑,56
萧山区牛脚湾住宅小区,65
西湖区崇文公寓,29
江干区多蓝水岸银沙苑,68
拱墅区吉兴公寓,31
江干区福雷德广场,57
西湖区天虹公寓,45
萧山区义桥星天地,110
萧山区众安花园,68
余杭区中铁九逸,99999999999
下城区东新园望景苑,49
江干区和谐嘉园北苑,43
下城区香源公寓,49
西湖区武林巷36号,28
萧山区星际公寓,97
余杭区铭雅苑东区,48
江干区华鸿汇盛德堡,56
拱墅区易构大厦,65
滨江区白马湖小区凤凰苑,67
余杭区新月花园,83
西湖区保m小区,25
西湖区郡骰庭,45
江干区雍和府,47
拱墅区嘉泰馨庭,40
余杭区昆仑华府,82
江干区中兴九洲芳园,51
余杭区五彩商城,90
余杭区红联九漾华庭西区,74
上城区太平巷16号,42
滨江区白金海岸,53
江干区大家多立方,66
西湖区厚诚路110号,58
拱墅区绿城西子锦兰公寓,39
拱墅区拱宸新苑,44
萧山区红枫小区,69
上城区横河新村,34
西湖区墩莳家园,67
西湖区留庄,54
下城区东新园雪峰苑,53
江干区德信东望,35
西湖区圣苑小区,39
下城区水陆寺巷,34
下城区新湖武林国际公寓,19
西湖区文一路54号,99999999999
西湖区世纪新城东区,29
下城区大营盘,21
江干区建电新村,35
余杭区朗诗花漫里,49
西湖区紫金文苑,38
萧山区众安山水苑二期,75
上城区小河下小区,38
江干区夕照新村,39
萧山区林之语,70
下城区永富大厦,35
下城区三塘沁园,42
余杭区复地上城,72
拱墅区长乐南苑,40
余杭区中港罗兰小镇,89
滨江区倾城之恋,41
余杭区赞成美树,77
上城区莫邪塘东村,46
余杭区圆乡名筑,73
西湖区赞成岭上花苑,86
西湖区翠苑东四区,32
西湖区中旅紫金名门,71
余杭区金地艺境,62
上城区婺江家园一园,26
拱墅区体育大厦,24
拱墅区绍兴新村,37
余杭区浙地人家,77
上城区日信国际DOUBLE时代,99999999999
富阳区虎山社区,103
江干区东海??橙对,53
江干区北城铭苑,57
江干区水岸帝景,59
余杭区华源天盛中心,77
萧山区杭柴厂宿舍,80
江干区新中宇维萨,33
萧山区四季花城月季园,74
上城区缸儿巷,23
上城区长庆里,30
下城区灯塔豪园,40
上城区冯山人巷,32
余杭区北大街,84
西湖区求智弄,28
西湖区天目山路228号,38
萧山区鸿兴城巧克力公馆,89
拱墅区小河佳苑,38
西湖区文三西路30号,36
拱墅区大关西三苑,37
余杭区翡翠城一期,57
上城区复兴北苑,47
萧山区东方家苑,126
滨江区白马湖小区鸿雁苑,70
余杭区华盛星洲翠谷,72
西湖区沈塘新村,24
上城区复兴东苑,44
下城区朝晖一区,24
下城区珠碧苑,34
萧山区盈兴公寓,67
西湖区文二新村,28
西湖区绿园,34
下城区朝晖三区,26
余杭区华盛达堂巢,99999999999
下城区欣景苑,54
上城区望江府,35
江干区新和嘉苑,33
滨江区半岛国际,47
江干区同协雅苑,69
上城区大学路新村,38
拱墅区墅林苑,32
余杭区贝利保元泽第,70
萧山区诚盛天际湾,99999999999
西湖区曙光路小区,31
江干区郡原相江公寓,44
西湖区西荡苑桃苑,40
滨江区南岸晶都花园,77
萧山区顺发堤香,60
余杭区金岸提香,79
下城区开化路,25
江干区天仙新苑,33
余杭区富力西溪悦居溪区,55
余杭区顺昌花园,90
萧山区蓝色嘉园,115
西湖区日晖新村,27
西湖区教工路106号,28
下城区中北西子花园,17
江干区中豪四季公馆,56
江干区四季风景苑,55
西湖区杭大路46号,27
上城区莫邪塘南村,31
拱墅区稻香园北区,30
下城区天安假日公寓,27
下城区石灰坝8号,28
江干区庆春御府,34
江干区双菱新村,32
萧山区顺发旺角城,64
下城区景翠公寓,57
下城区天赐苑,23
拱墅区董家弄,34
西湖区新金都城市花园,47
余杭区南苑一区,67
余杭区滨江西溪之星,78
余杭区新苑公寓,64
西湖区明珠公寓,35
富阳区光明逸品春江,139
富阳区富春山居,55
滨江区中兴花园百合苑,55
余杭区瑞麒时代金座,71
余杭区海联云客里,82
余杭区东冠逸景花苑,55
萧山区崇化住宅区,67
西湖区古荡桥,35
滨江区新浦苑,75
上城区景云村小区,30
江干区阳光城翡丽湾,62
江干区南肖埠北景西苑,34
江干区中国铁建国际花园,50
余杭区广厦天都城天湖苑,55
余杭区绿城紫桂公寓,80
下城区环城西路70号,15
余杭区万科星空,70
下城区东新关,20
西湖区华星路12号,36
拱墅区隽逸花苑,57
余杭区河畔新村,64
余杭区新湖菲林山,84
萧山区隐龙湾,72
江干区笕桥花苑,43
江干区火电宿舍,34
下城区永丰巷,24
萧山区湘湖路86号,99999999999
上城区万科金色城品,27
下城区新天地G193广场,45
西湖区天河西苑,45
滨江区龙禧硅谷酒店广场,56
萧山区高桥小区,67
江干区龙湖滟澜山丽轩一期,51
下城区怡乐银座,55
下城区中大凤栖花园,33
西湖区同仁家园金涛港,70
上城区近江苑,32
江干区南肖埠御景苑,35
拱墅区假山路73号,99999999999
余杭区昌运里二区,64
江干区东城印象公寓,36
余杭区美好桂花溪园,100
下城区上焦营巷,17
江干区三卫家园南苑,71
江干区省机施宿舍,34
余杭区兴惠家园,79
下城区木庵小区,22
拱墅区景瑞申花郡,57
拱墅区华丰新村,36
余杭区九曲营小区,84
萧山区阳光城上府,47
拱墅区伟华苑小区,54
下城区绿城兰园,19
拱墅区朗诗田园绿郡,40
下城区蔚蓝国际大厦,47
西湖区九莲新村,34
余杭区爱民路,94
下城区中山北园,16
西湖区西荡苑梨苑,41
萧山区顺发恒园,66
江干区丁桥大唐苑,73
西湖区师苑新村,32
江干区远洋心里,45
江干区郡原九润公寓,64
萧山区丰东花苑,57
余杭区华城格之林花园,101
拱墅区华盛达阅城,59
江干区广宇上东领地,72
江干区清泰小区,37
萧山区恒泰御庭园,56
萧山区周家河头,62
拱墅区都市水乡水起苑,45
余杭区闲林山水紫薇苑,53
拱墅区金星桃源居,67
拱墅区长征桥路48弄,35
西湖区西溪诚园守纯苑,51
下城区体育场路178-418号,99999999999
上城区城南家园,44
拱墅区叶青随苑,30
余杭区海创绿谷,69
拱墅区阔板桥社区,53
富阳区秋月社区,118
江干区横塘景苑,53
萧山区金马公寓,78
余杭区苑中园,65
西湖区中海西溪华府,63
上城区在水一方公寓,45
萧山区东信莱茵园,73
萧山区湘湖家园,43
拱墅区上石苑,51
江干区下沙铭都雅苑,52
西湖区紫润国际,74
西湖区景城花园,34
西湖区物华小区,58
上城区景江城市花园,36
江干区红苹果家园,47
富阳区鸣翠蓝湾,103
滨江区滨兴小区东区,71
西湖区和苑小区,99999999999
西湖区华门自由21世纪,49
上城区木材新村,44
西湖区嘉绿西苑,34
下城区武林外滩,26
余杭区西溪景苑,74
西湖区山涧苑,61
江干区钱江七苑,40
西湖区宁波大厦,19
西湖区文三西路39号,44
江干区德信早城,56
西湖区翠锦苑,46
拱墅区祥符新村,52
西湖区中大文锦苑,27
拱墅区联合世纪新筑,29
拱墅区左家新村,23
江干区海景城花园,43
西湖区保m花园,28
江干区三卫家园北苑,72
江干区向江来时代中心,55
江干区淮矿东元府,35
下城区北景园月桂苑,44
西湖区黄龙公寓,39
西湖区中海紫藤苑,69
余杭区中梁百悦城,87
拱墅区贾家弄新村,30
余杭区毓秀家园,82
下城区混堂桥,12
萧山区南江商业中心,82
江干区招商雍华府,46
江干区九堡东方公寓,36
上城区大王庙巷小区,32
拱墅区田园河畔居,48
江干区头格江景家园二区,54
江干区钱塘白石嘉苑,46
拱墅区蓝钻天成,46
西湖区西溪诚园知敬苑,55
拱墅区大关东七苑,37
下城区朝晖九区,30
滨江区六眼井,42
上城区近江家园七园,28
下城区凤起路512号,15
西湖区马塍路13号,24
江干区景苑公寓(江干),33
余杭区万通时尚公馆,62
下城区云裳公寓,27
拱墅区凯德湖墅,29
滨江区银泰海威国际,52
西湖区玉古路167.171号,99999999999
拱墅区豪曹巷,27
下城区元都新苑,65
拱墅区三官弄,26
余杭区美莱国际中心写字楼,65
拱墅区杭钢北苑,48
萧山区阳光华庭,74
拱墅区德胜巷98号,99999999999
拱墅区化纤公寓,45
西湖区美都新村,44
萧山区沁茵园,59
余杭区天都花园,89
余杭区玉都枫景,75
西湖区武林巷37号,27
江干区东沙铭城,53
江干区东润枫华,40
